{"questionArray":[{"meta-data":"unused","questionText":"If a good hash function is found and a reasonable table size is used for a hash table, then the operations of put, remove, and get should achieve an average time complexity of _____ where $N$ is the number of items and $TS$ is the size of the table.","topic":"hash table","image":"goodhash2_AK.jpg","choiceArray":[{"isCorrect":"T","choice":"$O(1)$"},{"isCorrect":"F","choice":"$O(log N)$"},{"isCorrect":"F","choice":"$O(log_{TS} N)$"},{"isCorrect":"F","choice":"$O(N^{TS})$"},{"isCorrect":"F","choice":"$O(N)$"}]},{"meta-data":"unused","questionText":"Iam4AM","topic":"hash table","image":"NNN.jpg","choiceArray":[{"isCorrect":"F","choice":"$O(1)$"},{"isCorrect":"F","choice":"$O(log N)$"},{"isCorrect":"F","choice":"$O(log_{TS} N)$"},{"isCorrect":"F","choice":"$O(N^{TS})$"},{"isCorrect":"F","choice":"$O(N)$"}]},{"meta-data":"unused","questionText":"Which command will change the current working directory to a sub-directory named $p3$?","topic":"linux","image":"none","choiceArray":[{"isCorrect":"F","choice":"pwd"},{"isCorrect":"F","choice":"cwd"},{"isCorrect":"F","choice":"cp"},{"isCorrect":"T","choice":"cd"},{"isCorrect":"F","choice":"mkdir"}]}]}